"Symbol","Date","Open","High","Low","Close","Percent Change","Volume"
"SAPDBL","2025-06-19","973","973","873","898.38","-5.90 %","89,141.00"
"SAPDBL","2025-06-18","1011","1029","927.8","954.69","-7.39 %","81,282.00"
"SAPDBL","2025-06-17","1037.5","1057","1016.8","1030.84","-2.62 %","26,035.00"
"SAPDBL","2025-06-16","1060.6","1078","990","1058.59","1.80 %","96,213.00"
"SAPDBL","2025-06-15","1001.1","1053.5","995","1039.86","3.89 %","76,753.00"
"SAPDBL","2025-06-12","1050","1060","994.8","1000.95","-2.77 %","68,295.00"
"SAPDBL","2025-06-11","1060.1","1081","1003","1029.46","-4.83 %","69,764.00"
"SAPDBL","2025-06-10","1061.3","1148","1050.1","1081.66","-0.12 %","93,321.00"
"SAPDBL","2025-06-09","1118.5","1118.5","1027.2","1082.93","-5.11 %","117,295.00"
"SAPDBL","2025-06-08","1067.1","1197.7","996","1141.26","4.81 %","232,016.00"
"SAPDBL","2025-06-05","1010","1091","980","1088.85","9.50 %","187,206.00"
"SAPDBL","2025-06-04","994.6","1008","955.4","994.4","1.97 %","55,472.00"
"SAPDBL","2025-06-03","999.5","1018","968","975.15","-4.38 %","54,400.00"
"SAPDBL","2025-06-02","941","1035.7","941","1019.86","8.31 %","132,922.00"
"SAPDBL","2025-05-28","903","992","903","941.57","3.96 %","70,636.00"
"SAPDBL","2025-05-27","832.1","916","832.1","905.69","7.60 %","79,890.00"
"SAPDBL","2025-05-26","859.3","893","836","841.69","-0.10 %","33,921.00"
"SAPDBL","2025-05-25","870.5","883","825","842.53","-5.07 %","58,009.00"
"SAPDBL","2025-05-22","907","931","872.1","887.5","-2.12 %","44,837.00"
"SAPDBL","2025-05-21","883","952","883","906.72","4.74 %","108,683.00"
"SAPDBL","2025-05-20","802.7","865.7","799","865.7","10.00 %","75,617.00"
"SAPDBL","2025-05-19","711","787","706.3","787","10.00 %","58,030.00"
"SAPDBL","2025-05-18","751.2","754.8","709.1","715.48","-5.03 %","50,405.00"
"SAPDBL","2025-05-15","780","795.6","750","753.37","-5.27 %","42,931.00"
"SAPDBL","2025-05-14","815","820","774.2","795.24","-0.51 %","32,386.00"
"SAPDBL","2025-05-13","820","843","785.2","799.29","-1.73 %","65,264.00"
"SAPDBL","2025-05-11","832","864","807","813.33","-4.13 %","43,273.00"
"SAPDBL","2025-05-08","892","892","816","848.41","-3.12 %","43,160.00"
"SAPDBL","2025-05-07","850","923","810.2","875.73","2.61 %","81,711.00"
"SAPDBL","2025-05-06","881.9","916","830","853.46","-5.15 %","37,712.00"
"SAPDBL","2025-05-05","955.7","955.7","888","899.83","-4.02 %","50,668.00"
"SAPDBL","2025-05-04","1016.8","1037","926.5","937.52","-5.96 %","105,773.00"
"SAPDBL","2025-04-30","1027","1046.9","951","996.94","-3.05 %","50,163.00"
"SAPDBL","2025-04-29","1076.7","1076.7","1021.7","1028.29","-2.59 %","24,476.00"
"SAPDBL","2025-04-28","1131","1131","1048","1055.59","-8.45 %","50,908.00"
"SAPDBL","2025-04-27","1090","1174.6","1013","1153.02","5.81 %","118,892.00"
"SAPDBL","2025-04-24","1143","1165.8","1084.9","1089.67","-2.90 %","29,947.00"
"SAPDBL","2025-04-23","1131.6","1160","1118.1","1122.21","-2.81 %","12,719.00"
"SAPDBL","2025-04-22","1130.7","1199","1127","1154.6","0.08 %","65,146.00"
"SAPDBL","2025-04-21","1124.9","1160","1120.4","1153.69","2.94 %","66,834.00"
"SAPDBL","2025-04-20","1155.9","1177.9","1110","1120.73","-4.98 %","43,766.00"
"SAPDBL","2025-04-17","1189.9","1200","1135.3","1179.48","0.50 %","81,385.00"
"SAPDBL","2025-04-16","1118","1225","1118","1173.65","4.83 %","73,017.00"
"SAPDBL","2025-04-15","1020","1119.6","1012","1119.6","10.00 %","62,139.00"
"SAPDBL","2025-04-13","1026.4","1066.9","990","1017.85","-2.81 %","35,543.00"
"SAPDBL","2025-04-10","1060.2","1080","1041.9","1047.28","-2.14 %","38,264.00"
"SAPDBL","2025-04-09","1071","1100","1065","1070.22","-0.11 %","29,704.00"
"SAPDBL","2025-04-08","1071","1092","1065","1071.37","-0.04 %","21,621.00"
"SAPDBL","2025-04-07","1110","1110","1070","1071.82","-3.65 %","22,668.00"
"SAPDBL","2025-04-03","1137.8","1153","1092","1112.48","-0.28 %","34,376.00"
"SAPDBL","2025-04-02","1065.3","1142","1065.3","1115.56","3.36 %","59,384.00"
"SAPDBL","2025-04-01","1077.1","1113","1072","1079.26","-1.63 %","34,374.00"
"SAPDBL","2025-03-30","1087.9","1119","1078.1","1097.13","-0.09 %","58,002.00"
"SAPDBL","2025-03-27","1080","1120","1080","1098.11","-0.23 %","50,769.00"
"SAPDBL","2025-03-26","1069.1","1133.1","1069.1","1100.59","1.05 %","25,389.00"
"SAPDBL","2025-03-25","1133.9","1144","1083","1089.19","-5.11 %","56,565.00"
"SAPDBL","2025-03-24","1139.1","1167.9","1139.1","1147.86","-1.14 %","25,000.00"
"SAPDBL","2025-03-23","1200","1213","1154","1161.09","-2.88 %","55,708.00"
"SAPDBL","2025-03-20","1159","1199","1158","1195.58","1.32 %","36,289.00"
"SAPDBL","2025-03-19","1144","1191.3","1144","1180","1.46 %","55,525.00"
"SAPDBL","2025-03-18","1198.5","1198.5","1153","1163","-1.02 %","26,679.00"
"SAPDBL","2025-03-17","1190","1190","1148","1175","0.44 %","24,622.00"
"SAPDBL","2025-03-16","1205.1","1210","1142","1169.9","-2.91 %","60,860.00"
"SAPDBL","2025-03-12","1262","1262","1190","1205","-2.98 %","48,743.00"
"SAPDBL","2025-03-11","1243.7","1284","1241","1242","-2.13 %","37,906.00"
"SAPDBL","2025-03-10","1273.8","1293.3","1210.4","1269","1.61 %","115,109.00"
"SAPDBL","2025-03-09","1225","1256.9","1211.3","1248.9","1.95 %","61,544.00"
"SAPDBL","2025-03-05","1244.7","1287","1190","1200","-5.51 %","50,958.00"
"SAPDBL","2025-03-04","1265","1302","1229.9","1270","0.47 %","96,214.00"
"SAPDBL","2025-03-03","1250","1275","1244.19","1264","2.85 %","62,274.00"
"SAPDBL","2025-03-02","1157","1234","1140","1229","8.09 %","93,033.00"
"SAPDBL","2025-02-27","1137.3","1206","1116.2","1137","1.97 %","45,138.00"
"SAPDBL","2025-02-25","1159","1172.9","1112.3","1115","-2.19 %","49,099.00"
"SAPDBL","2025-02-24","1138","1184","1135","1140","0.26 %","63,355.00"
"SAPDBL","2025-02-23","1110.2","1150.9","1087.8","1137","0.44 %","39,327.00"
"SAPDBL","2025-02-20","1118.5","1169.9","1095","1132","-0.81 %","50,518.00"
"SAPDBL","2025-02-18","1242.8","1242.8","1141.3","1141.3","-10.00 %","135,235.00"
"SAPDBL","2025-02-17","1380.9","1380.9","1268.1","1268.1","-10.00 %","54,767.00"
"SAPDBL","2025-02-16","1289.5","1437.2","1202.5","1409","7.08 %","149,770.00"
"SAPDBL","2025-02-13","1317","1334.1","1241.7","1315.8","-0.17 %","146,535.00"
"SAPDBL","2025-02-12","1269.6","1364","1244.3","1318","3.81 %","154,135.00"
"SAPDBL","2025-02-11","1169","1280","1169","1269.6","8.52 %","149,501.00"
"SAPDBL","2025-02-10","1106","1188","1106","1169.9","5.78 %","125,464.00"
"SAPDBL","2025-02-09","1159.6","1200","1106","1106","-6.52 %","129,192.00"
"SAPDBL","2025-02-06","1176","1232.8","1159.4","1183.2","-1.40 %","79,356.00"
"SAPDBL","2025-02-05","1226","1226","1161.1","1200","-4.08 %","56,472.00"
"SAPDBL","2025-02-04","1362.2","1362.2","1251","1251","-9.99 %","47,252.00"
"SAPDBL","2025-02-03","1252.7","1389.9","1205.4","1389.9","8.74 %","258,669.00"
"SAPDBL","2025-02-02","1364.6","1364.6","1253.2","1278.2","-8.20 %","277,122.00"
"SAPDBL","2025-01-28","1430.8","1572","1328.9","1392.4","-4.63 %","272,800.00"
"SAPDBL","2025-01-27","1563.1","1563.1","1435.5","1460","-8.46 %","197,438.00"
"SAPDBL","2025-01-26","1470","1622.7","1357.3","1595","6.33 %","277,777.00"
"SAPDBL","2025-01-23","1390","1501.5","1275","1500","9.89 %","229,032.00"
"SAPDBL","2025-01-22","1247.6","1376.6","1175.1","1365","7.23 %","196,478.00"
"SAPDBL","2025-01-21","1177","1295.8","1122.1","1273","8.06 %","182,543.00"
"SAPDBL","2025-01-20","1190","1213","1150","1178","-1.26 %","34,804.00"
"SAPDBL","2025-01-19","1163","1221","1152.1","1193","1.53 %","61,786.00"
"SAPDBL","2025-01-16","1200","1208","1167","1175","-2.31 %","25,103.00"
"SAPDBL","2025-01-15","1171.9","1240","1169.7","1202.8","4.68 %","53,539.00"
"SAPDBL","2025-01-13","1169","1213","1136.8","1149","-0.35 %","72,485.00"
"SAPDBL","2025-01-12","1150","1195","1110","1153","0.26 %","54,840.00"
"SAPDBL","2025-01-09","1292.3","1292.3","1143.7","1150","-9.23 %","91,084.00"
"SAPDBL","2025-01-08","1178","1270","1178","1267","9.70 %","102,679.00"
"SAPDBL","2025-01-07","1069","1155","1060","1155","10.00 %","128,189.00"
"SAPDBL","2025-01-06","989.4","1067","971","1050","8.25 %","102,762.00"
"SAPDBL","2025-01-05","945","1025","945","970","2.65 %","64,962.00"
"SAPDBL","2025-01-02","850.8","945.8","850.8","945","9.90 %","57,134.00"
"SAPDBL","2025-01-01","831","877.9","822","859.9","5.46 %","71,801.00"
"SAPDBL","2024-12-31","854.7","889.9","788.9","815.4","-6.50 %","77,644.00"
"SAPDBL","2024-12-29","950","983.9","872.1","872.1","-10.00 %","108,937.00"
"SAPDBL","2024-12-26","1048.6","1048.6","963","969","-9.44 %","141,371.00"
"SAPDBL","2024-12-24","1005","1094.5","1001","1070","7.54 %","78,040.00"
"SAPDBL","2024-12-23","1024.9","1024.9","986","995","-1.39 %","76,972.00"
"SAPDBL","2024-12-22","1099","1099","1009","1009","-6.40 %","32,253.00"
"SAPDBL","2024-12-19","1077","1109","1070","1078","-1.82 %","43,075.00"
"SAPDBL","2024-12-18","1060.1","1120","1055","1098","2.81 %","56,522.00"
"SAPDBL","2024-12-17","1067.2","1090","1067.2","1068","-1.92 %","54,331.00"
"SAPDBL","2024-12-16","1101.7","1101.7","1074","1088.9","0.81 %","55,754.00"
"SAPDBL","2024-12-12","1103","1119.7","1069.1","1080.1","-2.07 %","81,969.00"
"SAPDBL","2024-12-11","1089","1108","1089","1102.9","1.28 %","66,199.00"
"SAPDBL","2024-12-10","1105","1125.7","1080","1089","-1.45 %","33,768.00"
"SAPDBL","2024-12-09","1122","1150","1090","1105","0.45 %","62,281.00"
"SAPDBL","2024-12-08","1050","1157","1050","1100","2.81 %","107,331.00"
"SAPDBL","2024-12-05","1097","1105","1060","1069.9","-0.94 %","69,950.00"
"SAPDBL","2024-12-04","1090","1136","1062","1080","-1.82 %","53,134.00"
"SAPDBL","2024-12-03","1090","1141","1050.1","1100","0.18 %","91,617.00"
"SAPDBL","2024-12-02","1100","1180","1069","1098","-2.14 %","144,082.00"
"SAPDBL","2024-12-01","1005","1122","986.9","1122","10.00 %","137,536.00"
"SAPDBL","2024-11-28","1008.6","1069.9","980","1020","3.14 %","114,676.00"
"SAPDBL","2024-11-27","895","988.9","881.2","988.9","10.00 %","239,586.00"
"SAPDBL","2024-11-26","909.5","933","891.4","899","-3.13 %","67,864.00"
"SAPDBL","2024-11-25","850.1","930.6","850.1","928","9.69 %","130,587.00"
"SAPDBL","2024-11-24","875","882","838","846","-1.90 %","101,460.00"
"SAPDBL","2024-11-21","866.2","897","862.4","862.4","1.54 %","90,416.00"
"SAPDBL","2024-11-20","785.9","849.3","758","849.3","10.00 %","186,495.00"
"SAPDBL","2024-11-19","785","807","765","772.1","-0.36 %","187,974.00"
"SAPDBL","2024-11-17","795.9","820","769","774.9","-1.16 %","123,986.00"
"SAPDBL","2024-11-14","751.7","794","741","784","6.38 %","123,072.00"
"SAPDBL","2024-11-13","671.1","737","670","737","10.00 %","298,377.00"
"SAPDBL","2024-11-12","668","695","655","670","2.29 %","93,029.00"
"SAPDBL","2024-11-11","677","679","650","655","-2.24 %","121,593.00"
"SAPDBL","2024-11-10","651.2","676.9","650","670","3.40 %","80,014.00"
"SAPDBL","2024-11-06","617.2","663","617.2","648","3.18 %","102,789.00"
"SAPDBL","2024-11-05","629","635","614","628","1.60 %","53,518.00"
"SAPDBL","2024-10-30","639.5","645","615.1","618.1","-1.42 %","125,855.00"
"SAPDBL","2024-10-29","570","627","569","627","10.00 %","234,660.00"
"SAPDBL","2024-10-28","554","581","550.1","570","2.93 %","197,153.00"
"SAPDBL","2024-10-27","549.1","567.1","549.1","553.8","-0.93 %","36,625.00"
"SAPDBL","2024-10-24","560","569.9","552","559","-1.86 %","56,680.00"
"SAPDBL","2024-10-23","566","584.9","561.7","569.6","-1.28 %","36,527.00"
"SAPDBL","2024-10-22","572","589.5","561","577","-0.86 %","27,304.00"
"SAPDBL","2024-10-21","573.2","598.9","545.2","582","3.56 %","159,866.00"
"SAPDBL","2024-10-20","560","572","540","562","-1.23 %","46,776.00"
"SAPDBL","2024-10-17","589","589","566","569","-1.90 %","37,255.00"
"SAPDBL","2024-10-16","580","584","568.4","580","1.72 %","45,542.00"
"SAPDBL","2024-10-15","567","576.8","561","570.2","0.41 %","28,766.00"
"SAPDBL","2024-10-09","577","577","555","567.9","-0.37 %","28,135.00"
"SAPDBL","2024-10-08","546.2","598","546.2","570","2.52 %","67,422.00"
"SAPDBL","2024-10-07","565","577","555","556","0.18 %","23,944.00"
"SAPDBL","2024-10-06","535","560","527","555","2.97 %","38,982.00"
"SAPDBL","2024-10-02","557.9","557.9","533.2","539","-1.46 %","101,452.00"
"SAPDBL","2024-10-01","530","549","525","547","4.21 %","35,794.00"
"SAPDBL","2024-09-30","504.7","525","504.7","524.9","4.11 %","29,625.00"
"SAPDBL","2024-09-29","498","524","496","504.2","0.60 %","42,723.00"
"SAPDBL","2024-09-26","495","534.9","495","501.2","0.44 %","72,181.00"
"SAPDBL","2024-09-25","483.4","499.8","464.4","499","5.27 %","38,989.00"
"SAPDBL","2024-09-24","482","494","471","474","-3.07 %","42,478.00"
"SAPDBL","2024-09-23","505","510","480","489","-4.86 %","30,193.00"
"SAPDBL","2024-09-22","515.1","545","505","514","1.78 %","36,762.00"
"SAPDBL","2024-09-18","539","539","501","505","-4.54 %","51,148.00"
"SAPDBL","2024-09-16","571.2","571.2","521.4","529","-5.54 %","63,266.00"
"SAPDBL","2024-09-15","596","596","551.6","560","-4.27 %","75,581.00"
"SAPDBL","2024-09-12","580","595","575","585","1.39 %","61,471.00"
"SAPDBL","2024-09-11","585","596","572","577","0.30 %","61,785.00"
"SAPDBL","2024-09-10","595.6","606","575","575.3","-1.49 %","66,023.00"
"SAPDBL","2024-09-09","586","602","578.4","584","-0.34 %","147,284.00"
"SAPDBL","2024-09-08","606","615","585","586","-2.33 %","141,037.00"
"SAPDBL","2024-09-05","602","620","577","600","-2.28 %","132,454.00"
"SAPDBL","2024-09-04","610.8","654","600","614","2.52 %","356,820.00"
"SAPDBL","2024-09-03","555","598.9","528","598.9","9.99 %","389,008.00"
"SAPDBL","2024-09-02","517.7","545","509","544.5","6.83 %","61,991.00"
"SAPDBL","2024-09-01","537","537.5","505","509.7","-3.28 %","75,395.00"
"SAPDBL","2024-08-29","544.9","553","515.1","527","-2.04 %","94,044.00"
"SAPDBL","2024-08-28","559","569","533.3","538","-2.00 %","84,070.00"
"SAPDBL","2024-08-27","548.8","570","533.1","549","-1.96 %","186,561.00"
"SAPDBL","2024-08-25","534","575.9","534","560","6.95 %","361,486.00"
"SAPDBL","2024-08-22","485.5","523.6","485.5","523.6","10.00 %","266,522.00"
"SAPDBL","2024-08-21","483","484.5","473.4","476","0.21 %","66,371.00"
"SAPDBL","2024-08-18","500","504","475","475","-4.79 %","109,687.00"
"SAPDBL","2024-08-15","500","515","492.3","498.9","0.99 %","131,011.00"
"SAPDBL","2024-08-14","484","500","477","494","3.15 %","149,418.00"
"SAPDBL","2024-08-13","490","490.2","476.1","478.9","-1.26 %","56,892.00"
"SAPDBL","2024-08-12","490","499.8","475.2","485","-0.59 %","146,001.00"
"SAPDBL","2024-08-11","469","489.6","465","487.9","4.25 %","112,590.00"
"SAPDBL","2024-08-08","462","474","458","468","0.43 %","62,182.00"
"SAPDBL","2024-08-07","431.3","475","424.1","466","5.93 %","71,092.00"
"SAPDBL","2024-08-06","473","482.4","425.7","439.9","-7.00 %","110,598.00"
"SAPDBL","2024-08-05","479.9","480.4","470","473","0.42 %","90,211.00"
"SAPDBL","2024-08-01","495","495","470","471","-4.81 %","113,661.00"
"SAPDBL","2024-07-31","488.7","504.9","484","494.8","2.66 %","169,360.00"
"SAPDBL","2024-07-30","475","485","470","482","1.47 %","84,808.00"
"SAPDBL","2024-07-29","495","500","475","475","-3.63 %","89,942.00"
"SAPDBL","2024-07-28","486.5","494","470","492.9","3.33 %","111,190.00"
"SAPDBL","2024-07-25","458","483.9","458","477","4.10 %","201,730.00"
"SAPDBL","2024-07-24","456","474","453","458.2","-0.39 %","133,278.00"
"SAPDBL","2024-07-23","445","461","445","460","2.22 %","74,604.00"
"SAPDBL","2024-07-22","451","458","442","450","-0.86 %","73,630.00"
"SAPDBL","2024-07-21","459.1","467","447","453.9","-1.11 %","112,178.00"
"SAPDBL","2024-07-18","467","480","458","459","-3.35 %","115,058.00"
"SAPDBL","2024-07-17","456.1","484.8","456.1","474.9","2.79 %","116,644.00"
"SAPDBL","2024-07-16","421.4","465","421.4","462","7.44 %","126,866.00"
"SAPDBL","2024-07-15","443","450","428","430","-1.15 %","84,079.00"
"SAPDBL","2024-07-14","455.9","455.9","435","435","-2.68 %","87,044.00"
"SAPDBL","2024-07-11","440.3","457","436.1","447","-0.45 %","117,878.00"
"SAPDBL","2024-07-10","449","449.5","434","449","1.61 %","83,794.00"
"SAPDBL","2024-07-09","430","452","430","441.9","2.77 %","132,168.00"
"SAPDBL","2024-07-08","422","430","412","430","1.90 %","96,817.00"
"SAPDBL","2024-07-07","410.7","427","402.6","422","0.72 %","119,501.00"
"SAPDBL","2024-07-04","407","428","407","419","4.78 %","149,618.00"
"SAPDBL","2024-07-03","370","399.9","370","399.9","8.08 %","149,446.00"
"SAPDBL","2024-07-02","372.6","395","369","370","1.29 %","81,679.00"
"SAPDBL","2024-07-01","356","370.1","356","365.3","0.91 %","53,901.00"
"SAPDBL","2024-06-30","363.1","369","359","362","0.56 %","32,528.00"
"SAPDBL","2024-06-27","357.7","371","357.7","360","-1.37 %","42,540.00"
"SAPDBL","2024-06-26","382.8","382.8","365","365","-3.67 %","67,422.00"
"SAPDBL","2024-06-25","386","395","375","378.9","-0.03 %","98,027.00"
"SAPDBL","2024-06-24","364","380","358.1","379","5.90 %","122,975.00"
"SAPDBL","2024-06-23","345","364","345","357.9","2.29 %","85,638.00"
"SAPDBL","2024-06-20","345","357","343","349.9","-0.03 %","41,077.00"
"SAPDBL","2024-06-19","343","360","343","350","0.14 %","54,386.00"
"SAPDBL","2024-06-18","355","368","347.9","349.5","-1.55 %","61,132.00"
"SAPDBL","2024-06-16","363","385","352","355","-0.84 %","150,881.00"
"SAPDBL","2024-06-13","332.5","358.6","324","358","9.82 %","228,934.00"
"SAPDBL","2024-06-12","331.5","331.5","322","326","0.31 %","31,314.00"
"SAPDBL","2024-06-11","324","328","318","325","2.20 %","24,519.00"
"SAPDBL","2024-06-10","321","330","317","318","-0.93 %","21,683.00"
"SAPDBL","2024-06-09","323","327","320","321","-0.90 %","24,855.00"
"SAPDBL","2024-06-06","331","331","321.1","323.9","-0.34 %","23,341.00"
"SAPDBL","2024-06-05","320","330.4","320","325","0.31 %","32,478.00"
"SAPDBL","2024-06-04","331","331","324","324","-0.31 %","30,274.00"
"SAPDBL","2024-06-03","331.8","331.9","322.5","325","-0.12 %","18,044.00"
"SAPDBL","2024-06-02","318.1","325.5","318","325.4","2.33 %","24,953.00"
"SAPDBL","2024-05-30","320","321.9","315.2","318","0.60 %","25,212.00"
"SAPDBL","2024-05-29","327.9","327.9","315.6","316.1","-1.68 %","24,340.00"
"SAPDBL","2024-05-27","323","326","317.2","321.5","0.78 %","20,103.00"
"SAPDBL","2024-05-26","324","329","316","319","-2.74 %","30,222.00"
"SAPDBL","2024-05-22","336","336","325.1","328","-0.91 %","26,220.00"
"SAPDBL","2024-05-21","320","334","320","331","2.80 %","48,505.00"
"SAPDBL","2024-05-20","329","331.5","319","322","-0.92 %","51,033.00"
"SAPDBL","2024-05-19","329.4","331","322","325","0.62 %","40,830.00"
"SAPDBL","2024-05-16","333","339","320","323","-1.22 %","40,381.00"
"SAPDBL","2024-05-15","337.6","340","324.3","327","-1.21 %","60,229.00"
"SAPDBL","2024-05-14","341","341","330.3","331","-1.46 %","43,895.00"
"SAPDBL","2024-05-13","337.1","340.8","328.4","335.9","1.45 %","68,818.00"
"SAPDBL","2024-05-12","328","340","325.5","331.1","0.95 %","47,334.00"
"SAPDBL","2024-05-09","316","333","316","328","2.82 %","84,052.00"
"SAPDBL","2024-05-08","318.6","319.5","312","319","0.69 %","19,517.00"
"SAPDBL","2024-05-07","320","325","311.7","316.8","-0.38 %","27,792.00"
"SAPDBL","2024-05-06","312","323.8","306","318","2.91 %","69,197.00"
"SAPDBL","2024-05-05","318","327","309","309","-4.63 %","126,615.00"
"SAPDBL","2024-05-02","340","343","320.5","324","-4.14 %","66,059.00"
"SAPDBL","2024-04-30","330","352.5","330","338","2.74 %","145,727.00"
"SAPDBL","2024-04-29","310","329.9","307","329","6.99 %","207,581.00"
"SAPDBL","2024-04-28","297","307.9","287.1","307.5","5.20 %","49,013.00"
"SAPDBL","2024-04-25","298.8","298.8","288.2","292.3","-0.58 %","48,467.00"
"SAPDBL","2024-04-24","293.5","297.6","289","294","1.73 %","8,804.00"
"SAPDBL","2024-04-22","295","299","285.5","289","-3.60 %","23,727.00"
"SAPDBL","2024-04-21","299.8","302","285","299.8","1.97 %","23,014.00"
"SAPDBL","2024-04-18","300","305","289.1","294","-2.00 %","27,409.00"
"SAPDBL","2024-04-16","295.1","309.7","294.9","300","0.67 %","44,106.00"
"SAPDBL","2024-04-15","309","309","296.6","298","-1.65 %","21,538.00"
"SAPDBL","2024-04-14","311","311","302.1","303","-0.66 %","24,828.00"
"SAPDBL","2024-04-10","318.7","322","302.1","305","-2.40 %","55,746.00"
"SAPDBL","2024-04-09","312","319","307","312.5","1.79 %","69,397.00"
"SAPDBL","2024-04-07","290","312","290","307","5.86 %","47,217.00"
"SAPDBL","2024-04-04","297.5","297.8","287.8","290","-0.68 %","30,032.00"
"SAPDBL","2024-04-03","293","298","288","292","1.39 %","22,971.00"
"SAPDBL","2024-04-02","298.8","298.8","288","288","-1.71 %","15,914.00"
"SAPDBL","2024-04-01","290.4","297.8","289.1","293","0.00 %","23,639.00"
"SAPDBL","2024-03-31","305","305","293","293","-2.66 %","25,833.00"
"SAPDBL","2024-03-28","300","305","294.1","301","1.69 %","45,042.00"
"SAPDBL","2024-03-27","311","311","295","296","-2.95 %","50,291.00"
"SAPDBL","2024-03-26","302.9","314.8","295","305","2.69 %","38,146.00"
"SAPDBL","2024-03-25","297.2","307","288.1","297","-1.98 %","69,036.00"
"SAPDBL","2024-03-21","319.7","319.7","302.1","303","-3.60 %","59,643.00"
"SAPDBL","2024-03-20","315","349.2","298","314.3","-1.01 %","189,592.00"
"SAPDBL","2024-03-19","322","343.7","303.8","317.5","0.54 %","127,526.00"
"SAPDBL","2024-03-18","292.8","315.8","292.8","315.8","10.00 %","197,296.00"
"SAPDBL","2024-03-17","262","287.1","262","287.1","10.00 %","167,385.00"
"SAPDBL","2024-03-14","267","271.3","261","261","-2.61 %","12,103.00"
"SAPDBL","2024-03-13","277","277","260","268","-1.43 %","33,243.00"
"SAPDBL","2024-03-12","261.5","272.3","261.5","271.9","3.82 %","22,957.00"
"SAPDBL","2024-03-10","260","265","255","261.9","2.46 %","10,645.00"
"SAPDBL","2024-03-07","256","261","255.1","255.6","1.43 %","5,330.00"
"SAPDBL","2024-03-06","249","259.9","249","252","2.86 %","13,995.00"
"SAPDBL","2024-03-05","259","259.9","245","245","-5.99 %","16,619.00"
"SAPDBL","2024-03-04","250.5","260.6","250.5","260.6","6.11 %","1,070.00"
"SAPDBL","2024-03-03","245.1","252.9","242.1","245.6","-1.76 %","10,641.00"
"SAPDBL","2024-02-29","251.9","255","245","250","-0.75 %","24,091.00"
"SAPDBL","2024-02-28","258","258","251.9","251.9","-1.25 %","18,665.00"
"SAPDBL","2024-02-27","262.9","262.9","255.1","255.1","-1.12 %","19,896.00"
"SAPDBL","2024-02-26","259.9","259.9","250","258","1.18 %","5,888.00"
"SAPDBL","2024-02-25","259","259.4","249.9","255","0.31 %","21,376.00"
"SAPDBL","2024-02-22","257","262.8","253.4","254.2","-1.89 %","15,577.00"
"SAPDBL","2024-02-21","260","265","253","259.1","-0.80 %","10,620.00"
"SAPDBL","2024-02-20","260","263.1","255","261.2","1.24 %","9,493.00"
"SAPDBL","2024-02-18","262.1","263","257.9","258","-3.37 %","16,163.00"
"SAPDBL","2024-02-15","270","275.4","261.7","267","-2.16 %","15,277.00"
"SAPDBL","2024-02-14","259.7","283.5","259.7","272.9","2.98 %","60,059.00"
"SAPDBL","2024-02-13","263.5","268.5","259","265","-1.30 %","24,881.00"
"SAPDBL","2024-02-12","270","270","265","268.5","0.56 %","8,800.00"
"SAPDBL","2024-02-11","266","275","263.2","267","1.87 %","33,724.00"
"SAPDBL","2024-02-08","257","271.3","252","262.1","1.98 %","30,522.00"
"SAPDBL","2024-02-07","260","260","253.4","257","0.63 %","4,835.00"
"SAPDBL","2024-02-06","257","260","253","255.4","0.95 %","16,341.00"
"SAPDBL","2024-02-05","260.1","260.1","251","253","-0.78 %","4,311.00"
"SAPDBL","2024-02-04","247.1","258","247.1","255","1.59 %","11,296.00"
"SAPDBL","2024-02-01","262.8","262.8","248.1","251","-2.90 %","10,270.00"
"SAPDBL","2024-01-31","264.6","265.3","251","258.5","-0.62 %","26,767.00"
"SAPDBL","2024-01-30","261.6","266.8","257.1","260.1","1.40 %","12,839.00"
"SAPDBL","2024-01-29","262.4","263.1","255","256.5","-0.58 %","14,251.00"
"SAPDBL","2024-01-28","258.6","260","254","258","1.06 %","6,418.00"
"SAPDBL","2024-01-25","259","259","251.4","255.3","0.51 %","9,668.00"
"SAPDBL","2024-01-24","259","262.9","254","254","-0.31 %","9,523.00"
"SAPDBL","2024-01-23","261.3","265","251","254.8","-0.55 %","15,761.00"
"SAPDBL","2024-01-22","257","270","254.1","256.2","-1.84 %","13,945.00"
"SAPDBL","2024-01-21","278","278","260.1","261","-4.40 %","20,948.00"
"SAPDBL","2024-01-18","263","275.3","263","273","2.25 %","32,874.00"
"SAPDBL","2024-01-17","284.3","291","265","267","-4.27 %","86,137.00"
"SAPDBL","2024-01-16","277","287","275","278.9","2.16 %","65,833.00"
"SAPDBL","2024-01-14","263.1","274","259.1","273","5.81 %","25,060.00"
"SAPDBL","2024-01-11","263.5","264.5","257","258","-1.15 %","14,784.00"
"SAPDBL","2024-01-10","273.5","282.7","261","261","-2.76 %","51,958.00"
"SAPDBL","2024-01-09","247","268.4","242.5","268.4","10.00 %","66,058.00"
"SAPDBL","2024-01-08","238","244.5","237","244","1.67 %","7,843.00"
"SAPDBL","2024-01-07","242","244","237.3","240","-1.64 %","12,468.00"
"SAPDBL","2024-01-04","245","248","241","244","-0.41 %","10,372.00"
"SAPDBL","2024-01-03","244","250","242","245","0.00 %","8,097.00"
"SAPDBL","2024-01-02","249.9","250","240.1","245","0.00 %","4,091.00"
"SAPDBL","2024-01-01","250","250","244","245","-1.57 %","12,821.00"
"SAPDBL","2023-12-28","244.1","253","244","248.9","0.00 %","9,513.00"
"SAPDBL","2023-12-27","250.9","261","241","248.9","1.18 %","11,884.00"
"SAPDBL","2023-12-24","250","257","245","246","-2.77 %","14,008.00"
"SAPDBL","2023-12-21","257","264","249.9","253","-3.44 %","18,627.00"
"SAPDBL","2023-12-20","266.9","268.2","255.1","262","-0.38 %","18,119.00"
"SAPDBL","2023-12-19","265","268","257","263","-1.87 %","8,721.00"
"SAPDBL","2023-12-18","265","275","260","268","2.41 %","35,122.00"
"SAPDBL","2023-12-17","249","261.9","245","261.7","3.03 %","22,339.00"
"SAPDBL","2023-12-14","245","255","240.4","254","3.67 %","13,401.00"
"SAPDBL","2023-12-13","245","258","245","245","0.41 %","32,921.00"
"SAPDBL","2023-12-12","245","247.7","231","244","-0.41 %","13,758.00"
"SAPDBL","2023-12-11","254.8","254.8","237.3","245","-1.96 %","10,207.00"
"SAPDBL","2023-12-10","237.5","249.9","236","249.9","7.30 %","2,133.00"
"SAPDBL","2023-12-07","229.4","233","226.5","232.9","1.48 %","2,215.00"
"SAPDBL","2023-12-06","227.1","229.5","227.1","229.5","0.31 %","1,058.00"
"SAPDBL","2023-12-05","224.2","228.8","224.2","228.8","0.39 %","1,394.00"
"SAPDBL","2023-12-04","226.9","231.4","224","227.9","2.43 %","9,205.00"
"SAPDBL","2023-12-03","230.5","230.5","221.5","222.5","-1.55 %","3,329.00"
"SAPDBL","2023-11-30","223.1","236.1","223.1","226","-0.44 %","9,311.00"
"SAPDBL","2023-11-29","231.1","231.1","225.1","227","-2.16 %","4,156.00"
"SAPDBL","2023-11-28","228","233","226.5","232","1.75 %","7,794.00"
"SAPDBL","2023-11-27","232.7","233","225","228","-1.30 %","7,876.00"
"SAPDBL","2023-11-26","221","231","221","231","2.67 %","11,050.00"
"SAPDBL","2023-11-23","221.5","225","219","225","-0.44 %","6,698.00"
"SAPDBL","2023-11-22","219.9","226","216","226","3.67 %","3,502.00"
"SAPDBL","2023-11-21","218.2","218.2","212","218","-1.80 %","3,461.00"
"SAPDBL","2023-11-20","222.7","224","218.2","222","0.50 %","4,369.00"
"SAPDBL","2023-11-09","218","220.9","214.1","220.9","1.33 %","4,261.00"
"SAPDBL","2023-11-08","220.5","221.8","215.1","218","-0.46 %","6,237.00"
"SAPDBL","2023-11-07","217.3","221.2","217.2","219","-0.90 %","9,182.00"
"SAPDBL","2023-11-06","224.5","227","220","221","-1.78 %","3,185.00"
"SAPDBL","2023-11-05","219.6","225","211.7","225","0.45 %","4,510.00"
"SAPDBL","2023-11-02","216.3","224","216.2","224","1.59 %","5,850.00"
"SAPDBL","2023-11-01","221.8","222","217.4","220.5","0.23 %","1,012.00"
"SAPDBL","2023-10-31","218","220","213.7","220","0.92 %","4,908.00"
"SAPDBL","2023-10-30","220","224","218","218","-0.05 %","2,602.00"
"SAPDBL","2023-10-29","222.5","222.5","218.1","218.1","-3.92 %","2,491.00"
"SAPDBL","2023-10-19","231","232","220.1","227","-2.16 %","2,291.00"
"SAPDBL","2023-10-18","229","232","221","232","2.93 %","4,048.00"
"SAPDBL","2023-10-17","223","225.4","220","225.4","1.58 %","11,849.00"
"SAPDBL","2023-10-16","224","224","219.1","221.9","-0.94 %","3,280.00"
"SAPDBL","2023-10-12","226","228","221.2","224","-2.61 %","8,854.00"
"SAPDBL","2023-10-11","230","231.8","228.6","230","-0.35 %","530.00"
"SAPDBL","2023-10-10","228.1","231","228","230.8","-0.52 %","2,140.00"
"SAPDBL","2023-10-09","238","238","225.5","232","-1.15 %","2,134.00"
"SAPDBL","2023-10-08","239.4","239.4","225.4","234.7","-0.04 %","4,203.00"
"SAPDBL","2023-10-05","235","235","230.5","234.8","-0.09 %","1,462.00"
"SAPDBL","2023-10-04","236.9","237","232.9","235","0.47 %","1,506.00"
"SAPDBL","2023-10-03","234.4","238","231","233.9","-2.13 %","4,742.00"
"SAPDBL","2023-10-02","235","240","226.3","239","0.08 %","6,959.00"
"SAPDBL","2023-10-01","231","238.8","228","238.8","1.96 %","3,013.00"
"SAPDBL","2023-09-27","244.1","244.1","234","234.2","-5.94 %","1,067.00"
"SAPDBL","2023-09-26","243","249.9","238.2","249","3.88 %","4,595.00"
"SAPDBL","2023-09-25","248.5","248.5","235","239.7","-1.64 %","4,981.00"
"SAPDBL","2023-09-24","255","255","236.1","243.7","-2.52 %","10,620.00"
"SAPDBL","2023-09-21","241.3","255","236.2","250","5.66 %","15,513.00"
"SAPDBL","2023-09-19","221.5","236.6","221.5","236.6","4.69 %","5,472.00"
"SAPDBL","2023-09-18","228.4","230","226","226","-3.00 %","50.00"
"SAPDBL","2023-09-17","233","233","225","233","-0.85 %","828.00"
"SAPDBL","2023-09-13","228","235","225","235","4.91 %","7,046.00"
"SAPDBL","2023-09-12","231","231","222","224","-3.86 %","2,130.00"
"SAPDBL","2023-09-11","223.8","233.5","223.8","233","4.48 %","4,541.00"
"SAPDBL","2023-09-10","223","227.3","220.5","223","1.36 %","4,544.00"
"SAPDBL","2023-09-07","222","223","217.6","220","-2.65 %","2,030.00"
"SAPDBL","2023-09-05","222","227","220.5","226","0.89 %","4,434.00"
"SAPDBL","2023-09-04","224.9","225","223.8","224","-0.40 %","3,855.00"
"SAPDBL","2023-09-03","225.5","227","222.1","224.9","-2.17 %","2,035.00"
"SAPDBL","2023-08-30","228","232","227.4","229.9","-0.91 %","2,225.00"
"SAPDBL","2023-08-29","233","233","228","232","-0.43 %","3,062.00"
"SAPDBL","2023-08-28","233","234.7","230.2","233","-0.43 %","3,342.00"
"SAPDBL","2023-08-27","240.7","240.7","231","234","-0.85 %","9,832.00"
"SAPDBL","2023-08-24","242","242","234","236","-2.88 %","1,800.00"
"SAPDBL","2023-08-23","238","244","238","243","0.83 %","1,065.00"
"SAPDBL","2023-08-22","234.1","241","234.1","241","1.30 %","2,484.00"
"SAPDBL","2023-08-21","238","239.8","235.2","237.9","0.38 %","2,864.00"
"SAPDBL","2023-08-20","246.8","246.8","235","237","-2.07 %","8,573.00"
"SAPDBL","2023-08-17","244.8","244.8","237","242","0.83 %","4,999.00"
"SAPDBL","2023-08-16","238","240","237.3","240","-0.04 %","5,838.00"
"SAPDBL","2023-08-15","242.4","242.4","240","240.1","-2.79 %","8,110.00"
"SAPDBL","2023-08-14","250","253","244","247","-1.20 %","9,178.00"
"SAPDBL","2023-08-13","246.1","250","237","250","-0.40 %","5,393.00"
"SAPDBL","2023-08-10","265.1","265.1","246.2","251","-3.72 %","4,329.00"
"SAPDBL","2023-08-09","236.7","260.7","236.7","260.7","8.17 %","6,539.00"
"SAPDBL","2023-08-08","248","249","240.4","241","-2.03 %","3,645.00"
"SAPDBL","2023-08-07","250","252","246","246","-1.60 %","6,071.00"
"SAPDBL","2023-08-06","255","255","246.5","250","-3.03 %","6,197.00"
"SAPDBL","2023-08-03","258","264","250","257.8","1.10 %","15,863.00"
"SAPDBL","2023-08-02","250","259","250","255","0.00 %","7,541.00"
"SAPDBL","2023-08-01","267.1","267.1","250","255","-2.63 %","7,810.00"
"SAPDBL","2023-07-31","257.7","268","256","261.9","-0.38 %","8,809.00"
"SAPDBL","2023-07-30","262.8","265","256","262.9","-1.90 %","5,674.00"
"SAPDBL","2023-07-27","271","271","259.1","268","0.37 %","16,222.00"
"SAPDBL","2023-07-26","268","273.3","263.3","267","0.75 %","9,189.00"
"SAPDBL","2023-07-25","278","278","263.6","265","-2.97 %","10,571.00"
"SAPDBL","2023-07-24","279","283","270","273.1","-3.50 %","13,642.00"
"SAPDBL","2023-07-23","272","285","264","283","4.04 %","26,237.00"
"SAPDBL","2023-07-20","268","273.3","265","272","-0.37 %","6,823.00"
"SAPDBL","2023-07-19","268","273","262.3","273","0.37 %","12,225.00"
"SAPDBL","2023-07-18","266","280","260","272","2.64 %","46,334.00"
"SAPDBL","2023-07-17","253.1","265","253.1","265","2.71 %","12,688.00"
"SAPDBL","2023-07-16","260","265","253.7","258","0.35 %","7,874.00"
"SAPDBL","2023-07-13","274","274","257.1","257.1","-4.78 %","16,044.00"
"SAPDBL","2023-07-12","269","278.4","266.6","270","0.45 %","14,744.00"
"SAPDBL","2023-07-11","253.9","272","250","268.8","7.95 %","49,103.00"
"SAPDBL","2023-07-10","253","258","243.1","249","-1.58 %","7,254.00"
"SAPDBL","2023-07-09","251","256","246","253","1.24 %","4,981.00"
"SAPDBL","2023-07-06","250","251","245.5","249.9","0.77 %","7,180.00"
"SAPDBL","2023-07-05","251","251","245","248","-1.20 %","8,825.00"
"SAPDBL","2023-07-04","252","253.9","248","251","0.40 %","8,184.00"
"SAPDBL","2023-07-03","254","260","249.9","250","-1.88 %","15,110.00"
"SAPDBL","2023-07-02","262","262","248","254.8","-2.75 %","13,233.00"
"SAPDBL","2023-06-28","260","271.3","258.2","262","0.77 %","29,844.00"
"SAPDBL","2023-06-27","255.9","260.9","251.2","260","3.30 %","25,756.00"
"SAPDBL","2023-06-26","256.9","258","247","251.7","-0.08 %","9,511.00"
"SAPDBL","2023-06-25","243","256","242","251.9","5.40 %","22,355.00"
"SAPDBL","2023-06-22","247.8","248","236.6","239","-1.65 %","10,356.00"
"SAPDBL","2023-06-21","240","252.4","240","243","0.12 %","6,652.00"
"SAPDBL","2023-06-20","252.2","262","242.7","242.7","-5.12 %","17,334.00"
"SAPDBL","2023-06-19","244.9","259","244.9","255.8","4.20 %","13,405.00"
"SAPDBL","2023-06-18","243","248.4","240.5","245.5","0.78 %","8,280.00"
"SAPDBL","2023-06-15","245","245.5","238.4","243.6","-1.34 %","15,751.00"
"SAPDBL","2023-06-14","252","255","244","246.9","-1.95 %","14,116.00"
"SAPDBL","2023-06-13","247","257.9","247","251.8","1.82 %","13,291.00"
"SAPDBL","2023-06-12","249","253","245","247.3","0.73 %","19,954.00"
"SAPDBL","2023-06-11","235","249","235","245.5","5.82 %","34,294.00"
"SAPDBL","2023-06-08","226","237.6","225.1","232","0.91 %","7,752.00"
"SAPDBL","2023-06-07","228","238","227","229.9","-0.48 %","11,203.00"
"SAPDBL","2023-06-06","220","231","220","231","3.03 %","7,150.00"
"SAPDBL","2023-06-05","232.8","232.8","224.1","224.2","-1.80 %","4,010.00"
"SAPDBL","2023-06-04","224","229.5","224","228.3","3.68 %","3,380.00"
"SAPDBL","2023-06-01","222","227.7","216.5","220.2","0.55 %","3,898.00"
"SAPDBL","2023-05-31","222.5","226","219","219","-3.52 %","9,689.00"
"SAPDBL","2023-05-30","229","231.7","224.5","227","-2.78 %","6,596.00"
"SAPDBL","2023-05-28","242","242","230.6","233.5","-2.71 %","11,089.00"
"SAPDBL","2023-05-24","245","245","236.2","240","-0.83 %","2,155.00"
"SAPDBL","2023-05-23","240","244","234","242","2.28 %","7,734.00"
"SAPDBL","2023-05-22","230","236.6","228","236.6","1.98 %","2,061.00"
"SAPDBL","2023-05-21","239","240.5","230","232","-1.69 %","1,762.00"
"SAPDBL","2023-05-18","228","239","228","236","4.94 %","7,200.00"
"SAPDBL","2023-05-17","218.7","226.2","218.7","224.9","0.85 %","4,471.00"
"SAPDBL","2023-05-16","218.7","223","218","223","0.00 %","3,096.00"
"SAPDBL","2023-05-15","225.4","225.4","216.6","223","-0.00 %","1,653.00"
"SAPDBL","2023-05-14","225","225","219","224","-0.88 %","3,813.00"
"SAPDBL","2023-05-11","223","227.4","222.8","226","-0.44 %","3,180.00"
"SAPDBL","2023-05-10","233","233","227","227","-1.26 %","632.00"
"SAPDBL","2023-05-09","224","235","224","229.9","0.88 %","3,229.00"
"SAPDBL","2023-05-08","225","230.9","223.1","227.9","0.40 %","2,043.00"
"SAPDBL","2023-05-07","232.9","235","225","227","-2.53 %","2,194.00"
"SAPDBL","2023-05-04","232","233","227.4","232.9","1.93 %","2,707.00"
"SAPDBL","2023-05-03","230","230","226.2","228.5","-0.87 %","1,235.00"
"SAPDBL","2023-05-02","228","230.5","226","230.5","0.22 %","563.00"
"SAPDBL","2023-04-30","232","232","227.6","230","-0.86 %","2,708.00"
"SAPDBL","2023-04-27","228.1","236","228.1","232","-0.09 %","1,911.00"
"SAPDBL","2023-04-26","234.6","238","232","232.2","0.96 %","11,228.00"
"SAPDBL","2023-04-25","228.1","233.1","224","230","-0.86 %","8,195.00"
"SAPDBL","2023-04-24","223","232","223","232","2.75 %","1,704.00"
"SAPDBL","2023-04-23","229","229","225","225.8","-1.40 %","4,655.00"
"SAPDBL","2023-04-20","234.2","238","227","229","-4.02 %","8,115.00"
"SAPDBL","2023-04-19","236","238.6","233","238.6","1.97 %","2,998.00"
"SAPDBL","2023-04-18","232.5","234","232","234","-1.27 %","1,646.00"
"SAPDBL","2023-04-17","233.5","237","233.5","237","-0.42 %","3,517.00"
"SAPDBL","2023-04-16","241","246.6","236.3","238","-2.86 %","4,708.00"
"SAPDBL","2023-04-13","252","252","238.2","245","-2.39 %","7,939.00"
"SAPDBL","2023-04-12","239","251","237.9","251","7.04 %","12,255.00"
"SAPDBL","2023-04-11","234.6","243.9","220.6","234.5","1.96 %","7,660.00"
"SAPDBL","2023-04-10","232","233.5","222.1","230","0.00 %","8,135.00"
"SAPDBL","2023-04-09","233.9","237.4","226.1","230","-1.67 %","5,521.00"
"SAPDBL","2023-04-06","242.7","242.7","229","233.9","-2.13 %","4,900.00"
"SAPDBL","2023-04-05","238","239","234","239","0.84 %","970.00"
"SAPDBL","2023-04-04","237","241","229","237","-1.25 %","5,625.00"
"SAPDBL","2023-04-03","248.5","248.5","234.1","240","-1.92 %","3,800.00"
"SAPDBL","2023-04-02","248.1","252","232.6","244.7","-1.37 %","6,900.00"
"SAPDBL","2023-03-30","257","257","245","248.1","-1.55 %","1,484.00"
"SAPDBL","2023-03-29","243.7","252","239.2","252","1.41 %","3,666.00"
"SAPDBL","2023-03-28","250","250","245","248.5","0.81 %","9,505.00"
"SAPDBL","2023-03-27","243","246.8","238.2","246.5","1.11 %","4,656.00"
"SAPDBL","2023-03-26","240.2","243.8","236.2","243.8","-0.49 %","1,983.00"
"SAPDBL","2023-03-23","246.7","246.7","238.6","245","0.82 %","2,518.00"
"SAPDBL","2023-03-22","252","254.9","243","243","-3.57 %","4,141.00"
"SAPDBL","2023-03-20","251","252","245","252","1.65 %","6,195.00"
"SAPDBL","2023-03-19","247","249","242","247.9","0.53 %","2,446.00"
"SAPDBL","2023-03-16","245","247.4","236","246.6","0.20 %","5,537.00"
"SAPDBL","2023-03-15","254","254","233.3","246.1","-1.91 %","8,655.00"
"SAPDBL","2023-03-14","252","252","241","250.9","0.76 %","2,479.00"
"SAPDBL","2023-03-13","258.6","258.6","244","249","-2.20 %","1,700.00"
"SAPDBL","2023-03-12","262.9","262.9","248","254.6","-1.28 %","5,049.00"
"SAPDBL","2023-03-09","248","257.9","246.5","257.9","5.31 %","9,823.00"
"SAPDBL","2023-03-07","243.6","248","238.8","244.9","2.47 %","2,999.00"
"SAPDBL","2023-03-05","248.9","248.9","234.9","239","-2.45 %","7,899.00"
"SAPDBL","2023-03-02","251.9","251.9","241.6","245","-1.21 %","2,711.00"
"SAPDBL","2023-03-01","254","254","245.5","248","-1.59 %","2,131.00"
"SAPDBL","2023-02-28","255","255","249.1","252","0.20 %","3,916.00"
"SAPDBL","2023-02-27","258","258","242","251.5","-0.59 %","10,484.00"
"SAPDBL","2023-02-26","253.8","253.8","236.2","253","1.65 %","16,234.00"
"SAPDBL","2023-02-23","263.6","263.6","247","248.9","-3.71 %","5,800.00"
"SAPDBL","2023-02-22","250.3","260","249","258.5","4.66 %","10,836.00"
"SAPDBL","2023-02-20","254","260.1","246","247","-1.20 %","6,391.00"
"SAPDBL","2023-02-16","259","260","247","250","-2.34 %","8,515.00"
"SAPDBL","2023-02-15","258","263.1","252","256","-0.93 %","7,292.00"
"SAPDBL","2023-02-14","267.2","267.2","254.6","258.4","-1.37 %","6,630.00"
"SAPDBL","2023-02-12","273","273","259","262","-5.76 %","16,167.00"
"SAPDBL","2023-02-09","279","279.9","266.7","278","0.72 %","16,969.00"
"SAPDBL","2023-02-08","285.6","285.6","271.5","276","-1.43 %","15,633.00"
"SAPDBL","2023-02-07","264.2","280","263","280","7.69 %","15,002.00"
"SAPDBL","2023-02-06","264.2","264.2","254.1","260","0.00 %","2,019.00"
"SAPDBL","2023-02-05","260","264.1","251.2","260","1.76 %","6,485.00"
"SAPDBL","2023-02-02","269","269","253","255.5","-3.55 %","7,643.00"
"SAPDBL","2023-02-01","252","265","252","264.9","3.07 %","8,929.00"
"SAPDBL","2023-01-31","260","262","252","257","0.39 %","6,892.00"
"SAPDBL","2023-01-30","263.3","265","253","256","-1.58 %","19,980.00"
"SAPDBL","2023-01-29","264","274","260.1","260.1","-3.42 %","20,826.00"
"SAPDBL","2023-01-26","282","282","268","269.3","-4.50 %","9,813.00"
"SAPDBL","2023-01-25","283.5","289","267.2","282","1.44 %","12,312.00"
"SAPDBL","2023-01-24","275.4","280.9","267.2","278","-1.07 %","18,054.00"
"SAPDBL","2023-01-23","285","295.8","273.1","281","-3.10 %","22,610.00"
"SAPDBL","2023-01-19","288","297.8","281","290","0.00 %","20,679.00"
"SAPDBL","2023-01-18","284","305","278","290","3.94 %","89,870.00"
"SAPDBL","2023-01-17","264.5","292","264.5","279","3.41 %","20,192.00"
"SAPDBL","2023-01-12","278.4","288.6","257.6","269.8","-1.17 %","57,734.00"
"SAPDBL","2023-01-10","280.5","299.8","268.7","273","-0.73 %","58,398.00"
"SAPDBL","2023-01-09","261.1","275","261.1","275","7.42 %","39,361.00"
"SAPDBL","2023-01-08","252","271.8","252","256","-0.39 %","43,224.00"
"SAPDBL","2023-01-05","264","264.1","247","257","-0.77 %","23,036.00"
"SAPDBL","2023-01-04","249","259","245.2","259","5.71 %","27,854.00"
"SAPDBL","2023-01-03","247","252","242.1","245","0.82 %","21,309.00"
"SAPDBL","2023-01-02","234","248","234","243","2.10 %","20,749.00"
"SAPDBL","2023-01-01","240","250","232","238","-0.42 %","23,429.00"
"SAPDBL","2022-12-29","229.9","240","228","239","3.06 %","20,032.00"
"SAPDBL","2022-12-28","230","235","228","231.9","-0.69 %","6,481.00"
"SAPDBL","2022-12-27","232","240","229.4","233.5","2.41 %","13,096.00"
"SAPDBL","2022-12-26","214","228","214","228","7.04 %","6,823.00"
"SAPDBL","2022-12-22","212","216.2","212","213","-1.48 %","1,820.00"
"SAPDBL","2022-12-21","211.2","216.2","211.2","216.2","0.46 %","1,276.00"
"SAPDBL","2022-12-20","220.1","220.1","215.1","215.2","-0.37 %","2,035.00"
"SAPDBL","2022-12-19","217","217","213.1","216","0.93 %","3,340.00"
"SAPDBL","2022-12-18","216","216","212","214","-1.83 %","4,724.00"
"SAPDBL","2022-12-15","217","218","215.2","218","-0.46 %","2,065.00"
"SAPDBL","2022-12-14","220","221.5","218","219","-0.59 %","3,270.00"
"SAPDBL","2022-12-13","222.1","223.9","220.3","220.3","-1.65 %","2,013.00"
"SAPDBL","2022-12-12","221","224","217.6","224","2.80 %","1,908.00"
"SAPDBL","2022-12-11","219","219","215","217.9","-0.41 %","4,092.00"
"SAPDBL","2022-12-07","223","223","217.6","218.8","-1.88 %","4,851.00"
"SAPDBL","2022-12-06","220.5","224","220.5","223","-0.89 %","3,812.00"
"SAPDBL","2022-12-05","234","234","225","225","-3.02 %","12,863.00"
"SAPDBL","2022-12-04","237","238","232","232","-1.82 %","5,918.00"
"SAPDBL","2022-12-01","226","236.6","226","236.3","3.64 %","15,013.00"
"SAPDBL","2022-11-30","229","231","225","228","-1.72 %","2,537.00"
"SAPDBL","2022-11-29","234.6","235","225.4","232","0.87 %","7,959.00"
"SAPDBL","2022-11-28","235","235","227","230","-1.29 %","5,181.00"
"SAPDBL","2022-11-27","225.5","233","225.5","233","4.86 %","17,349.00"
"SAPDBL","2022-11-24","223","227","221","222.2","0.09 %","3,169.00"
"SAPDBL","2022-11-23","222","222","219","222","0.45 %","1,067.00"
"SAPDBL","2022-11-22","228","229","221","221","-1.34 %","3,958.00"
"SAPDBL","2022-11-17","220","229.8","220","224","2.75 %","9,484.00"
"SAPDBL","2022-11-16","221","223","217","218","0.46 %","2,124.00"
"SAPDBL","2022-11-15","223","225","216","217","-4.57 %","6,951.00"
"SAPDBL","2022-11-14","206.1","227.4","206.1","227.4","8.39 %","8,070.00"
"SAPDBL","2022-11-13","207.8","216","207.8","209.8","-1.04 %","4,640.00"
"SAPDBL","2022-11-10","215","221","210.1","212","0.43 %","6,461.00"
"SAPDBL","2022-11-09","228","230","211.1","211.1","-7.00 %","7,935.00"
"SAPDBL","2022-11-08","229.9","229.9","221.5","227","0.71 %","7,549.00"
"SAPDBL","2022-11-07","234.6","237.9","225.4","225.4","-2.00 %","13,512.00"
"SAPDBL","2022-11-06","224","235","224","230","1.91 %","9,210.00"
"SAPDBL","2022-11-03","234.2","234.5","225.7","225.7","-1.87 %","1,517.00"
"SAPDBL","2022-11-02","228","238.6","221","230","2.22 %","14,482.00"
"SAPDBL","2022-11-01","215","226","214.6","225","5.68 %","11,030.00"
"SAPDBL","2022-10-31","206.3","213","203","212.9","1.14 %","3,421.00"
"SAPDBL","2022-10-23","211","213","209","210.5","0.19 %","5,195.00"
"SAPDBL","2022-10-20","208.1","214","208","210.1","-0.66 %","2,570.00"
"SAPDBL","2022-10-19","217","217","209.1","211.5","-2.98 %","4,330.00"
"SAPDBL","2022-10-17","219","219","212.2","218","-0.46 %","2,430.00"
"SAPDBL","2022-10-16","225","226","217.1","219","-2.67 %","1,935.00"
"SAPDBL","2022-10-13","225","226","218.2","225","0.64 %","5,901.00"
"SAPDBL","2022-10-12","223","227.1","215.2","222","0.91 %","6,961.00"
"SAPDBL","2022-10-11","218","220","213","220","-0.45 %","3,420.00"
"SAPDBL","2022-10-10","235.5","235.5","215","221","-4.29 %","7,560.00"
"SAPDBL","2022-10-09","214","231","214","230.9","9.95 %","10,020.00"
"SAPDBL","2022-09-29","210","210","205.8","210","1.94 %","2,583.00"
"SAPDBL","2022-09-28","207","210","206","206","-1.53 %","752.00"
"SAPDBL","2022-09-27","207.9","214.9","205","209.2","2.05 %","2,062.00"
"SAPDBL","2022-09-25","208","208","202","205","-3.30 %","4,235.00"
"SAPDBL","2022-09-22","214.5","215","209","212","-1.17 %","3,192.00"
"SAPDBL","2022-09-21","211","215.2","210","214.5","3.62 %","2,725.00"
"SAPDBL","2022-09-20","217","219","204.4","207","-5.91 %","11,541.00"
"SAPDBL","2022-09-18","225","225","217.6","220","-3.08 %","4,880.00"
"SAPDBL","2022-09-16","223","230","216","227","0.44 %","8,974.00"
"SAPDBL","2022-09-15","242","242","226","226","-5.44 %","7,415.00"
"SAPDBL","2022-09-14","227","242","227","239","6.46 %","8,175.00"
"SAPDBL","2022-09-13","224","229","220","224.5","1.58 %","7,096.00"
"SAPDBL","2022-09-12","227","227","220.6","221","-1.34 %","3,760.00"
"SAPDBL","2022-09-11","231","234","224","224","-3.03 %","1,775.00"
"SAPDBL","2022-09-08","223","234.9","223","231","2.21 %","5,008.00"
"SAPDBL","2022-09-07","226","228","226","226","-1.74 %","2,498.00"
"SAPDBL","2022-09-06","230.4","230.4","224","230","-2.13 %","9,570.00"
"SAPDBL","2022-09-05","237","237","234.3","235","-1.09 %","1,015.00"
"SAPDBL","2022-09-04","234","237.6","230","237.6","3.08 %","4,686.00"
"SAPDBL","2022-09-02","240","243","230.5","230.5","-3.96 %","2,375.00"
"SAPDBL","2022-09-01","232","240","224","240","5.22 %","8,995.00"
"SAPDBL","2022-08-31","232","235.1","226.4","228.1","-2.73 %","8,240.00"
"SAPDBL","2022-08-30","240.1","240.1","234.5","234.5","-1.92 %","4,335.00"
"SAPDBL","2022-08-29","237","242","235.5","239.1","1.74 %","5,911.00"
"SAPDBL","2022-08-28","248","248","229","235","-4.08 %","6,722.00"
"SAPDBL","2022-08-26","252.1","252.1","240","245","-2.00 %","10,652.00"
"SAPDBL","2022-08-25","250.2","261.4","246","250","-0.52 %","7,782.00"
"SAPDBL","2022-08-24","260","262","251.3","251.3","-1.84 %","3,878.00"
"SAPDBL","2022-08-23","258.9","258.9","250.1","256","0.79 %","3,717.00"
"SAPDBL","2022-08-22","250","260.1","250","254","-0.39 %","3,911.00"
"SAPDBL","2022-08-21","255","270","250","255","-1.92 %","10,951.00"
"SAPDBL","2022-08-18","251","261","250","260","5.26 %","14,272.00"
"SAPDBL","2022-08-17","250","255","246.7","247","0.41 %","5,148.00"
"SAPDBL","2022-08-16","262","264","245","246","-4.28 %","10,818.00"
"SAPDBL","2022-08-15","240","257","238.2","257","8.90 %","6,852.00"
"SAPDBL","2022-08-14","249","250","235.4","236","-3.67 %","4,953.00"
"SAPDBL","2022-08-11","255","256","245","245","-2.04 %","10,561.00"
"SAPDBL","2022-08-10","249.1","255","240","250.1","-1.57 %","9,663.00"
"SAPDBL","2022-08-09","260.1","264","254.1","254.1","-3.75 %","9,805.00"
"SAPDBL","2022-08-08","262","275","261.7","264","-1.12 %","10,934.00"
"SAPDBL","2022-08-07","263.1","273","261","267","1.52 %","6,831.00"
"SAPDBL","2022-08-05","268","275","263","263","-3.63 %","11,053.00"
"SAPDBL","2022-08-04","275","283","269","272.9","-2.54 %","13,127.00"
"SAPDBL","2022-08-03","276.9","288","276.9","280","-0.88 %","17,649.00"
"SAPDBL","2022-08-02","272","282.6","272","282.5","2.28 %","15,408.00"
"SAPDBL","2022-08-01","280","285","274.4","276.2","-3.09 %","20,641.00"
"SAPDBL","2022-07-31","294.7","295.2","281","285","-1.38 %","26,075.00"
"SAPDBL","2022-07-29","275","293.7","266","289","5.47 %","26,064.00"
"SAPDBL","2022-07-28","264","285.6","260","274","5.38 %","45,598.00"
"SAPDBL","2022-07-27","253","260","245","260","3.59 %","15,250.00"
"SAPDBL","2022-07-26","257","266","250","251","-3.83 %","21,641.00"
"SAPDBL","2022-07-25","247","262","247","261","7.41 %","34,137.00"
"SAPDBL","2022-07-24","230.6","244","221","243","7.47 %","24,254.00"
"SAPDBL","2022-07-22","241.9","241.9","226.1","226.1","-5.79 %","3,501.00"
"SAPDBL","2022-07-21","243","243.7","230.1","240","0.00 %","4,193.00"
"SAPDBL","2022-07-20","240","243.9","235.6","240","-0.04 %","4,811.00"
"SAPDBL","2022-07-19","242","246.8","235.2","240.1","0.88 %","10,501.00"
"SAPDBL","2022-07-18","240","240","230.7","238","0.85 %","4,565.00"
"SAPDBL","2022-07-17","241.8","241.8","231","236","-0.46 %","1,555.00"
"SAPDBL","2022-07-15","235.2","240","231","237.1","-1.21 %","4,318.00"
"SAPDBL","2022-07-14","240.5","249.8","235.2","240","-0.08 %","9,868.00"
"SAPDBL","2022-07-13","238.6","247.9","230","240.2","2.65 %","10,910.00"
"SAPDBL","2022-07-12","214","234","209.8","234","9.35 %","10,361.00"
"SAPDBL","2022-07-11","225.4","227","213","214","-6.96 %","12,231.00"
"SAPDBL","2022-07-08","230.3","235","230","230","-2.13 %","3,335.00"
"SAPDBL","2022-07-07","247","249.9","235","235","-3.29 %","10,929.00"
"SAPDBL","2022-07-06","234","244.4","228.4","243","2.53 %","6,838.00"
"SAPDBL","2022-07-05","241.9","253.7","236","237","-2.87 %","18,875.00"
"SAPDBL","2022-07-04","233","260.7","229","244","2.95 %","44,994.00"
"SAPDBL","2022-07-03","237.8","241","228.6","237","1.63 %","6,267.00"
"SAPDBL","2022-07-01","233.3","242","220","233.2","-2.02 %","9,931.00"
"SAPDBL","2022-06-30","229.3","246.8","226","238","5.82 %","14,943.00"
"SAPDBL","2022-06-29","209.8","227.7","205.7","224.9","8.65 %","13,134.00"
"SAPDBL","2022-06-28","201","207","197","207","0.98 %","4,696.00"
"SAPDBL","2022-06-27","218.7","227.4","203.1","205","-4.43 %","12,298.00"
"SAPDBL","2022-06-26","198","214.5","198","214.5","10.00 %","19,244.00"
"SAPDBL","2022-06-24","185.4","199.7","178.1","195","3.17 %","9,528.00"
"SAPDBL","2022-06-23","193","193","186.2","189","-3.62 %","7,537.00"
"SAPDBL","2022-06-22","205","205","196","196.1","-4.29 %","4,026.00"
"SAPDBL","2022-06-21","190","204.9","190","204.9","9.98 %","10,438.00"
"SAPDBL","2022-06-20","200","200","185.5","186.3","-8.63 %","21,807.00"
"SAPDBL","2022-06-19","210","210","203.9","203.9","-3.82 %","1,377.00"
"SAPDBL","2022-06-17","216","216","212","212","-0.47 %","847.00"
"SAPDBL","2022-06-16","216","217.2","213","213","0.47 %","2,662.00"
"SAPDBL","2022-06-15","210","212","205","212","-0.42 %","4,722.00"
"SAPDBL","2022-06-14","218","218.8","210","212.9","-3.23 %","5,060.00"
"SAPDBL","2022-06-13","225","226","218.2","220","-1.12 %","3,368.00"
"SAPDBL","2022-06-10","224.1","227","222.5","222.5","-2.41 %","1,666.00"
"SAPDBL","2022-06-09","234","238.6","224","228","-2.23 %","7,706.00"
"SAPDBL","2022-06-08","225","239","220.6","233.2","3.64 %","8,757.00"
"SAPDBL","2022-06-07","230","230","222","225","-3.85 %","1,633.00"
"SAPDBL","2022-06-06","226.6","235","226","234","3.31 %","3,518.00"
"SAPDBL","2022-06-03","230","230","226","226.5","-2.79 %","6,223.00"
"SAPDBL","2022-06-02","239.7","239.7","228","233","-0.85 %","2,872.00"
"SAPDBL","2022-06-01","238","239","226.4","235","0.00 %","8,098.00"
"SAPDBL","2022-05-31","239","242","230","235","-3.29 %","13,222.00"
"SAPDBL","2022-05-30","245","245","243","243","-2.80 %","1,810.00"
"SAPDBL","2022-05-27","251.1","252","246.2","250","-1.57 %","3,953.00"
"SAPDBL","2022-05-26","253","258","252","254","0.40 %","1,164.00"
"SAPDBL","2022-05-25","254","260","252","253","0.00 %","7,061.00"
"SAPDBL","2022-05-24","249","258.9","249","253","1.61 %","2,558.00"
"SAPDBL","2022-05-23","253.1","257","247","249","-3.11 %","6,080.00"
"SAPDBL","2022-05-20","253.4","260","253.4","257","-0.46 %","1,498.00"
"SAPDBL","2022-05-19","267.1","272","258","258.2","-3.30 %","5,103.00"
"SAPDBL","2022-05-18","265","272.5","253","267","0.02 %","2,597.00"
"SAPDBL","2022-05-17","271.5","276","260","262","-5.42 %","3,577.00"
"SAPDBL","2022-05-12","290","295.8","275","277","-3.82 %","8,406.00"
"SAPDBL","2022-05-11","269","288","268","288","7.06 %","11,237.00"
"SAPDBL","2022-05-10","255.3","275.3","255.2","269","3.58 %","7,589.00"
"SAPDBL","2022-05-09","269","274.9","259.7","259.7","-2.00 %","3,769.00"
"SAPDBL","2022-05-08","250","265.1","250","265","3.92 %","4,880.00"
"SAPDBL","2022-05-05","255","265","252.1","255","-1.96 %","6,995.00"
"SAPDBL","2022-05-04","270","276","259","260.1","-5.38 %","4,961.00"
"SAPDBL","2022-05-02","280","280","270","274.9","-3.54 %","5,203.00"
"SAPDBL","2022-04-28","295","306.9","285","285","-3.06 %","6,651.00"
"SAPDBL","2022-04-27","283.5","306","283.1","294","1.66 %","3,209.00"
"SAPDBL","2022-04-26","297","298","289","289.2","-1.63 %","4,498.00"
"SAPDBL","2022-04-25","309","315.1","292.2","294","-3.29 %","12,065.00"
"SAPDBL","2022-04-24","283","306.2","280","304","9.20 %","10,782.00"
"SAPDBL","2022-04-21","274","278.4","259","278.4","1.61 %","7,843.00"
"SAPDBL","2022-04-20","288","288","268","274","-4.53 %","5,932.00"
"SAPDBL","2022-04-19","280","292","274.4","287","2.50 %","8,024.00"
"SAPDBL","2022-04-18","299","300","271.9","280","-5.72 %","6,311.00"
"SAPDBL","2022-04-17","300","304.8","292","297","-1.66 %","4,984.00"
"SAPDBL","2022-04-13","297","308","297","302","1.41 %","6,927.00"
"SAPDBL","2022-04-12","300","300","290.2","297.8","-1.06 %","8,736.00"
"SAPDBL","2022-04-11","317.2","318","301","301","-3.22 %","15,603.00"
"SAPDBL","2022-04-07","316","321.3","304.1","311","0.32 %","10,992.00"
"SAPDBL","2022-04-06","308","315","304","310","0.65 %","12,880.00"
"SAPDBL","2022-04-05","313","314","303.6","308","-1.60 %","11,683.00"
"SAPDBL","2022-04-04","315","322","312","313","-0.95 %","2,123.00"
"SAPDBL","2022-04-03","318","318","312","316","-0.63 %","4,013.00"
"SAPDBL","2022-03-31","330","334","318","318","-4.22 %","8,473.00"
"SAPDBL","2022-03-30","315","332","315","332","6.07 %","10,476.00"
"SAPDBL","2022-03-29","321","322.5","312.5","313","-1.45 %","5,625.00"
"SAPDBL","2022-03-28","330","330","317.6","317.6","-3.76 %","13,836.00"
"SAPDBL","2022-03-27","333","333.9","324","330","-1.17 %","13,522.00"
"SAPDBL","2022-03-24","338","343.5","333.6","333.9","-2.94 %","12,275.00"
"SAPDBL","2022-03-23","345.1","352","338.2","344","-1.99 %","15,535.00"
"SAPDBL","2022-03-22","360","360.9","350.1","351","-0.82 %","15,464.00"
"SAPDBL","2022-03-21","351","354","347","353.9","2.58 %","23,735.00"
"SAPDBL","2022-03-20","330","346","330","345","4.48 %","14,784.00"
"SAPDBL","2022-03-16","332.2","337","330.2","330.2","-2.02 %","8,461.00"
"SAPDBL","2022-03-15","338","338","331","337","-0.30 %","28,140.00"
"SAPDBL","2022-03-14","347","348","330","338","-2.59 %","9,242.00"
"SAPDBL","2022-03-13","335.5","348.7","330","347","5.47 %","23,362.00"
"SAPDBL","2022-03-10","311","329","303","329","7.87 %","23,582.00"
"SAPDBL","2022-03-09","310.1","312","298.9","305","-3.17 %","11,685.00"
"SAPDBL","2022-03-07","314","320","311","315","0.00 %","8,531.00"
"SAPDBL","2022-03-06","320","325","315","315","0.32 %","9,334.00"
"SAPDBL","2022-03-02","321.1","321.1","313","314","-3.38 %","14,188.00"
"SAPDBL","2022-02-28","341","345","323.4","325","-2.99 %","8,352.00"
"SAPDBL","2022-02-27","335","350","335","335","-0.03 %","6,646.00"
"SAPDBL","2022-02-24","340","341","335","335.1","-2.87 %","10,850.00"
"SAPDBL","2022-02-23","353","353","343","345","-0.72 %","6,467.00"
"SAPDBL","2022-02-22","346","358.9","346","347.5","0.14 %","10,386.00"
"SAPDBL","2022-02-21","345.1","358","343.5","347","0.58 %","7,578.00"
"SAPDBL","2022-02-20","341.1","349","340","345","-0.86 %","15,769.00"
"SAPDBL","2022-02-17","351","360","345","348","-1.44 %","7,005.00"
"SAPDBL","2022-02-16","360","368","352.8","353.1","-2.43 %","12,482.00"
"SAPDBL","2022-02-15","345","366","345","361.9","4.93 %","14,698.00"
"SAPDBL","2022-02-14","336","350","336","344.9","2.56 %","25,189.00"
"SAPDBL","2022-02-13","346","346","335","336.3","-4.73 %","31,820.00"
"SAPDBL","2022-02-10","357","357","348.9","353","-0.56 %","9,430.00"
"SAPDBL","2022-02-09","360","361","353","355","-3.27 %","14,008.00"
"SAPDBL","2022-02-08","373.3","387","358.3","367","0.00 %","29,264.00"
"SAPDBL","2022-02-07","354","366","354","366","1.39 %","13,092.00"
"SAPDBL","2022-02-06","360","361","350.1","361","-0.55 %","18,230.00"
"SAPDBL","2022-02-03","377","382.9","362.6","363","-1.89 %","42,159.00"
"SAPDBL","2022-02-01","360","374","356","370","1.09 %","26,984.00"
"SAPDBL","2022-01-31","378","378","360","366","-1.61 %","26,458.00"
"SAPDBL","2022-01-30","352","373.4","352","372","7.79 %","42,354.00"
"SAPDBL","2022-01-27","361","366","343","345.1","-4.14 %","29,440.00"
"SAPDBL","2022-01-26","360","364","350","360","-1.37 %","22,469.00"
"SAPDBL","2022-01-25","364","372","350","365","0.16 %","26,508.00"
"SAPDBL","2022-01-24","383","383","360","364.4","-4.86 %","33,759.00"
"SAPDBL","2022-01-23","400.8","408","382.1","383","-2.54 %","20,374.00"
"SAPDBL","2022-01-20","382","393.5","378.3","393","1.81 %","21,100.00"
"SAPDBL","2022-01-19","390","399","373.1","386","-1.03 %","28,809.00"
"SAPDBL","2022-01-18","400","401","386","390","-2.96 %","22,411.00"
"SAPDBL","2022-01-17","400","410","388","401.9","0.47 %","44,134.00"
"SAPDBL","2022-01-16","391.6","405","384","400","4.17 %","57,926.00"
"SAPDBL","2022-01-13","372","385","370","384","3.23 %","19,904.00"
"SAPDBL","2022-01-12","387","392.7","370.7","372","-3.88 %","59,126.00"
"SAPDBL","2022-01-11","375","390","373","387","3.75 %","46,816.00"
"SAPDBL","2022-01-10","373.8","395","371","373","-2.18 %","25,131.00"
"SAPDBL","2022-01-09","360.1","381.3","360.1","381.3","5.92 %","37,432.00"
"SAPDBL","2022-01-06","354.8","365","347.8","360","-0.55 %","15,440.00"
"SAPDBL","2022-01-05","359","378","343","362","0.95 %","33,791.00"
"SAPDBL","2022-01-04","326","358.6","315","358.6","10.00 %","59,731.00"
"SAPDBL","2022-01-03","308","326","300","326","6.89 %","39,111.00"
"SAPDBL","2022-01-02","300.7","308","294.7","305","-0.59 %","21,914.00"
"SAPDBL","2021-12-29","306","310","303","306.8","2.27 %","5,399.00"
"SAPDBL","2021-12-28","301.9","311","300","300","-2.60 %","14,849.00"
"SAPDBL","2021-12-27","326","326","308","308","-3.75 %","10,882.00"
"SAPDBL","2021-12-26","318","325","316.6","320","0.95 %","11,035.00"
"SAPDBL","2021-12-23","325","327.4","317","317","-1.83 %","18,632.00"
"SAPDBL","2021-12-22","312","323","312","322.9","5.52 %","13,064.00"
"SAPDBL","2021-12-21","306","312","303.2","306","2.00 %","8,843.00"
"SAPDBL","2021-12-20","296","305","290","300","-0.63 %","3,698.00"
"SAPDBL","2021-12-16","324","324","301.9","301.9","-5.06 %","11,197.00"
"SAPDBL","2021-12-15","316.4","339","306.8","318","2.51 %","31,812.00"
"SAPDBL","2021-12-14","287.6","310.2","287.6","310.2","10.00 %","11,570.00"
"SAPDBL","2021-12-13","305","306","279","282","-8.14 %","25,289.00"
"SAPDBL","2021-12-12","332.3","339","305","307","-7.81 %","12,581.00"
"SAPDBL","2021-12-09","325.9","340","320","333","0.15 %","21,432.00"
"SAPDBL","2021-12-08","344","344","328.3","332.5","-3.34 %","15,052.00"
"SAPDBL","2021-12-07","368","373","342.1","344","-4.71 %","15,081.00"
"SAPDBL","2021-12-06","350","364.1","316","361","4.64 %","29,708.00"
"SAPDBL","2021-12-05","364","364.4","345","345","-5.99 %","13,683.00"
"SAPDBL","2021-12-02","369","383.8","366","367","-2.47 %","11,255.00"
"SAPDBL","2021-12-01","386.4","388.6","376.3","376.3","-0.71 %","6,923.00"
"SAPDBL","2021-11-30","384.5","384.5","373.2","379","-0.26 %","7,760.00"
"SAPDBL","2021-11-29","377","391","377","380","0.80 %","8,551.00"
"SAPDBL","2021-11-28","383.3","388","373","377","-3.61 %","27,086.00"
"SAPDBL","2021-11-25","398.8","405","390.1","391.1","0.03 %","16,619.00"
"SAPDBL","2021-11-24","388","403.4","378","391","0.77 %","17,614.00"
"SAPDBL","2021-11-23","391","397.9","384","388","-1.27 %","18,138.00"
"SAPDBL","2021-11-22","395","410","393","393","0.00 %","18,447.00"
"SAPDBL","2021-11-21","390.4","414.2","390.4","393","-1.33 %","10,763.00"
"SAPDBL","2021-11-18","401","409.5","398","398.3","-2.62 %","25,098.00"
"SAPDBL","2021-11-17","420","425","406","409","-2.62 %","28,023.00"
"SAPDBL","2021-11-16","412","421","411","420","2.19 %","25,049.00"
"SAPDBL","2021-11-15","402.9","420.2","400","411","4.05 %","32,067.00"
"SAPDBL","2021-11-14","375","397.3","373","395","5.33 %","36,802.00"
"SAPDBL","2021-11-11","384.2","391.6","365","375","-4.34 %","25,108.00"
"SAPDBL","2021-11-09","404","404.2","384.9","392","-4.85 %","28,671.00"
"SAPDBL","2021-11-08","431","432.1","410","412","-2.83 %","24,539.00"
"SAPDBL","2021-11-03","429","438.6","419.5","424","-0.93 %","19,034.00"
"SAPDBL","2021-11-02","413.7","444","406.1","428","1.66 %","48,996.00"
"SAPDBL","2021-11-01","445","452.9","415.1","421","-3.68 %","25,265.00"
"SAPDBL","2021-10-31","425","446","425","437.1","2.13 %","31,083.00"
"SAPDBL","2021-10-28","390","431","380","428","8.11 %","41,724.00"
"SAPDBL","2021-10-27","402.9","409","381","395.9","0.23 %","33,020.00"
"SAPDBL","2021-10-26","372.1","401","370","395","8.25 %","45,509.00"
"SAPDBL","2021-10-25","337","364.9","337","364.9","9.91 %","24,736.00"
"SAPDBL","2021-10-24","332","334","320","332","0.00 %","17,119.00"
"SAPDBL","2021-10-21","334.6","344","329.3","332","-2.75 %","8,794.00"
"SAPDBL","2021-10-20","335.7","348","331.8","341.4","3.71 %","11,104.00"
"SAPDBL","2021-10-19","338.1","338.1","320","329.2","-4.58 %","21,582.00"
"SAPDBL","2021-10-18","355","361","341.1","345","-4.43 %","12,178.00"
"SAPDBL","2021-10-17","362","362.1","342","361","1.69 %","8,212.00"
"SAPDBL","2021-10-11","357","362","343","355","-2.45 %","20,551.00"
"SAPDBL","2021-10-10","374.9","382","357","363.9","-1.38 %","17,015.00"
"SAPDBL","2021-10-06","350","370","350","369","6.34 %","16,147.00"
"SAPDBL","2021-10-05","336.6","350","326","347","5.15 %","19,305.00"
"SAPDBL","2021-10-04","341","359","330","330","-4.62 %","20,226.00"
"SAPDBL","2021-10-03","370","370","343","346","-6.49 %","21,890.00"
"SAPDBL","2021-09-30","389","404","370","370","-3.12 %","16,235.00"
"SAPDBL","2021-09-29","365","390","350","381.9","4.63 %","25,839.00"
"SAPDBL","2021-09-28","382.2","393.7","354","365","-6.41 %","22,628.00"
"SAPDBL","2021-09-27","398.9","399","385.2","390","-4.18 %","14,188.00"
"SAPDBL","2021-09-26","428.4","428.4","402","407","-3.10 %","21,932.00"
"SAPDBL","2021-09-23","439.6","448.3","417","420","-2.55 %","30,238.00"
"SAPDBL","2021-09-22","414","438.1","414","431","6.16 %","29,495.00"
"SAPDBL","2021-09-21","395","418","361.7","406","2.92 %","40,772.00"
"SAPDBL","2021-09-20","427.3","435","392.6","394.5","-9.52 %","47,211.00"
"SAPDBL","2021-09-16","455.7","455.7","428","436","-6.24 %","36,968.00"
"SAPDBL","2021-09-15","482","482","458","465","-1.77 %","17,912.00"
"SAPDBL","2021-09-14","489.6","489.6","466","473.4","-1.38 %","21,393.00"
"SAPDBL","2021-09-13","474","490","466","480","3.23 %","79,991.00"
"SAPDBL","2021-09-12","442.6","470.2","440","465","7.14 %","40,792.00"
"SAPDBL","2021-09-09","439","452","432","434","0.65 %","24,352.00"
"SAPDBL","2021-09-08","441","450","431.2","431.2","-4.18 %","22,192.00"
"SAPDBL","2021-09-07","465.6","474.9","440","450","-1.42 %","42,779.00"
"SAPDBL","2021-09-06","410","456.5","401","456.5","10.00 %","67,835.00"
"SAPDBL","2021-09-05","447.4","448","410.9","415","-9.09 %","62,877.00"
"SAPDBL","2021-09-02","470","474.5","441","456.5","-2.87 %","42,376.00"
"SAPDBL","2021-09-01","479","487","465","470","0.00 %","48,036.00"
"SAPDBL","2021-08-31","485.1","485.1","468","470","-3.31 %","44,807.00"
"SAPDBL","2021-08-29","493","510","485","486.1","-1.20 %","96,158.00"
"SAPDBL","2021-08-26","479","499","468","492","4.68 %","98,405.00"
"SAPDBL","2021-08-25","475","489.6","466","470","-2.08 %","53,024.00"
"SAPDBL","2021-08-24","496","498","476","480","-3.32 %","70,532.00"
"SAPDBL","2021-08-19","528.3","528.3","494.9","496.5","-4.15 %","109,141.00"
"SAPDBL","2021-08-18","502.8","540","491","515","4.46 %","248,709.00"
"SAPDBL","2021-08-17","479","499","472","493","4.89 %","95,045.00"
"SAPDBL","2021-08-16","472","495","455","470","-0.42 %","97,453.00"
"SAPDBL","2021-08-15","490","490","457","472","-5.60 %","164,146.00"
"SAPDBL","2021-08-12","481","515","470","500","3.95 %","251,374.00"
"SAPDBL","2021-08-11","501.8","520","475","481","-2.24 %","79,324.00"
"SAPDBL","2021-08-10","458","500","454","492","8.13 %","198,986.00"
"SAPDBL","2021-08-09","470.2","474","445","455","-1.30 %","82,307.00"
"SAPDBL","2021-08-08","453","477","441","461","3.36 %","118,970.00"
"SAPDBL","2021-08-05","435.5","462","432","446","4.45 %","211,892.00"
"SAPDBL","2021-08-04","420","439","415","427","3.26 %","105,948.00"
"SAPDBL","2021-08-03","410","413.5","402","413.5","2.10 %","64,335.00"
"SAPDBL","2021-08-02","422","422","404","405","-3.80 %","112,820.00"
"SAPDBL","2021-08-01","430","440","415","421","-0.24 %","86,797.00"
"SAPDBL","2021-07-29","398","429.9","395","422","7.65 %","300,456.00"
"SAPDBL","2021-07-28","383","398","382","392","2.62 %","112,100.00"
"SAPDBL","2021-07-27","362","399","353","382","3.52 %","44,073.00"
"SAPDBL","2021-07-26","381","381","368","369","-1.86 %","43,051.00"
"SAPDBL","2021-07-25","384","384.9","370","376","-0.53 %","42,099.00"
"SAPDBL","2021-07-22","390","390","375","378","-2.83 %","37,627.00"
"SAPDBL","2021-07-20","392","394","383","389","-0.77 %","41,002.00"
"SAPDBL","2021-07-19","389.6","401","382","392","2.62 %","111,667.00"
"SAPDBL","2021-07-18","368","384","368","382","4.66 %","58,637.00"
"SAPDBL","2021-07-15","359","380","359","365","-1.88 %","25,605.00"
"SAPDBL","2021-07-14","365","384","364","372","0.27 %","23,551.00"
"SAPDBL","2021-07-13","358","374","343","371","3.92 %","48,910.00"
"SAPDBL","2021-07-12","365","380","350","357","2.59 %","115,065.00"
"SAPDBL","2021-07-11","323","348","323","348","9.78 %","37,569.00"
"SAPDBL","2021-07-08","315","322","308","317","1.28 %","15,845.00"
"SAPDBL","2021-07-07","322","326","311","313","-0.95 %","5,576.00"
"SAPDBL","2021-07-06","324","324","315","316","-0.94 %","9,461.00"
"SAPDBL","2021-07-05","333","333","318","319","-3.33 %","11,404.00"
"SAPDBL","2021-07-04","338","342","328","330","-0.60 %","27,589.00"
"SAPDBL","2021-07-01","328","342","320","332","3.11 %","38,506.00"
"SAPDBL","2021-06-30","303","324","288","322","4.21 %","67,266.00"
"SAPDBL","2021-06-29","314","325","301","309","-3.44 %","42,449.00"
"SAPDBL","2021-06-28","318","350","318","320","-4.19 %","29,690.00"
"SAPDBL","2021-06-27","350","350","331","334","-2.91 %","24,875.00"
"SAPDBL","2021-06-24","359","359","337","344","-2.27 %","32,410.00"
"SAPDBL","2021-06-23","368","375","345","352","-2.49 %","44,991.00"
"SAPDBL","2021-06-22","345","361","328","361","5.87 %","65,025.00"
"SAPDBL","2021-06-21","372","372","340","341","-6.58 %","50,115.00"
"SAPDBL","2021-06-20","359","382","355","365","-3.18 %","73,728.00"
"SAPDBL","2021-06-17","367","382","355","377","4.72 %","93,191.00"
"SAPDBL","2021-06-16","366","384","348","360","-6.49 %","93,647.00"
"SAPDBL","2021-06-15","420","420","382","385","-6.10 %","116,396.00"
"SAPDBL","2021-06-14","420","422","394","410","2.50 %","184,332.00"
"SAPDBL","2021-06-13","372","408","368","400","7.53 %","235,032.00"
"SAPDBL","2021-06-10","380","380","358","372","0.00 %","117,940.00"
"SAPDBL","2021-06-09","407","407","366","372","-0.04 %","121,577.00"
"SAPDBL","2021-06-08","370","388","359","388","9.92 %","248,143.00"
"SAPDBL","2021-06-07","340","366","329","353","3.82 %","93,075.00"
"SAPDBL","2021-06-06","360","360","326","340","-3.95 %","119,058.00"
"SAPDBL","2021-06-03","335","361","335","354","7.60 %","266,337.00"
"SAPDBL","2021-06-02","308","330","306","329","6.82 %","155,718.00"
"SAPDBL","2021-06-01","326","326","299","308","-0.96 %","100,592.00"
"SAPDBL","2021-05-31","321","329","311","311","-1.27 %","142,267.00"
"SAPDBL","2021-05-30","303","332","297","315","3.96 %","140,300.00"
"SAPDBL","2021-05-27","307","318","275","303","3.41 %","116,148.00"
"SAPDBL","2021-05-25","277","302","271","293","5.78 %","196,733.00"
"SAPDBL","2021-05-24","273","293","273","277","3.36 %","214,724.00"
"SAPDBL","2021-05-23","240","268","233","268","9.84 %","175,277.00"
"SAPDBL","2021-05-20","235","248","234","244","2.52 %","69,948.00"
"SAPDBL","2021-05-19","260","261","230","238","-4.80 %","112,195.00"
"SAPDBL","2021-05-18","239","250","223","250","9.65 %","119,529.00"
"SAPDBL","2021-05-17","233","233","220","228","2.70 %","132,874.00"
"SAPDBL","2021-05-16","210","222","210","222","9.90 %","136,892.00"
"SAPDBL","2021-05-13","192","205","191","202","5.21 %","136,851.00"
"SAPDBL","2021-05-12","193","193","187","192","1.05 %","15,523.00"
"SAPDBL","2021-05-11","188","194","188","190","-0.52 %","16,974.00"
"SAPDBL","2021-05-10","186","195","184","191","1.06 %","8,933.00"
"SAPDBL","2021-05-09","190","193","185","189","1.07 %","12,890.00"
"SAPDBL","2021-05-06","194","197","185","187","-2.09 %","32,059.00"
"SAPDBL","2021-05-05","193","193","188","191","0.00 %","20,825.00"
"SAPDBL","2021-05-04","186","192","186","191","1.60 %","19,599.00"
"SAPDBL","2021-05-03","190","191","187","188","-1.05 %","19,258.00"
"SAPDBL","2021-05-02","188","193","182","190","-0.52 %","25,498.00"
"SAPDBL","2021-04-29","190","192","188","191","0.53 %","10,713.00"
"SAPDBL","2021-04-28","191","195","186","190","-0.52 %","8,816.00"
"SAPDBL","2021-04-27","183","197","183","191","4.37 %","16,700.00"
"SAPDBL","2021-04-26","191","196","182","183","-5.67 %","32,557.00"
"SAPDBL","2021-04-25","203","203","188","194","-4.43 %","39,951.00"
"SAPDBL","2021-04-22","187","205","187","203","6.84 %","92,615.00"
"SAPDBL","2021-04-21","193","195","188","190","-0.52 %","33,467.00"
"SAPDBL","2021-04-20","189","195","189","192","1.59 %","19,816.00"
"SAPDBL","2021-04-19","197","197","189","189","-5.50 %","45,474.00"
"SAPDBL","2021-04-18","210","214","192","200","-2.91 %","75,476.00"
"SAPDBL","2021-04-15","190","206","189","206","9.57 %","159,936.00"
"SAPDBL","2021-04-13","186","195","181","188","1.08 %","69,299.00"
"SAPDBL","2021-04-12","178","191","176","186","5.68 %","73,647.00"
"SAPDBL","2021-04-08","172","177","171","176","2.33 %","40,168.00"
"SAPDBL","2021-04-07","171","174","169","172","2.38 %","26,353.00"
"SAPDBL","2021-04-06","162","171","162","168","1.82 %","16,426.00"
"SAPDBL","2021-04-05","167","173","164","165","-2.94 %","22,308.00"
"SAPDBL","2021-04-04","169","172","166","170","0.59 %","7,952.00"
"SAPDBL","2021-04-01","163","172","163","169","3.68 %","9,855.00"
"SAPDBL","2021-03-31","166","166","161","163","0.00 %","16,249.00"
"SAPDBL","2021-03-30","168","168","163","163","-1.21 %","5,113.00"
"SAPDBL","2021-03-29","165","168","162","165","-0.60 %","5,979.00"
"SAPDBL","2021-03-25","165","167","163","166","0.00 %","7,639.00"
"SAPDBL","2021-03-24","161","169","161","166","3.75 %","5,781.00"
"SAPDBL","2021-03-23","163","166","160","160","-3.61 %","15,913.00"
"SAPDBL","2021-03-22","167","170","163","166","1.22 %","11,655.00"
"SAPDBL","2021-03-21","163","169","163","164","0.61 %","19,571.00"
"SAPDBL","2021-03-18","163","167","162","163","1.87 %","9,550.00"
"SAPDBL","2021-03-17","163","163","158","160","0.00 %","14,618.00"
"SAPDBL","2021-03-16","158","161","155","160","0.63 %","10,632.00"
"SAPDBL","2021-03-15","158","164","158","159","-0.62 %","2,012.00"
"SAPDBL","2021-03-14","162","163","158","160","-3.03 %","16,433.00"
"SAPDBL","2021-03-10","164","168","164","165","1.23 %","11,567.00"
"SAPDBL","2021-03-09","166","168","162","163","-1.81 %","15,023.00"
"SAPDBL","2021-03-08","166","170","163","166","-1.78 %","8,730.00"
"SAPDBL","2021-03-04","169","172","167","169","1.81 %","12,840.00"
"SAPDBL","2021-03-03","165","167","163","166","-0.60 %","16,878.00"
"SAPDBL","2021-03-02","170","174","165","167","-2.91 %","19,401.00"
"SAPDBL","2021-03-01","167","173","167","172","0.00 %","10,989.00"
"SAPDBL","2021-02-28","172","172","169","169","-2.87 %","9,758.00"
"SAPDBL","2021-02-25","175","177","171","174","0.00 %","16,762.00"
"SAPDBL","2021-02-24","179","181","175","176","0.00 %","10,711.00"
"SAPDBL","2021-02-23","180","180","172","176","-2.76 %","13,771.00"
"SAPDBL","2021-02-22","186","187","178","181","-2.69 %","22,963.00"
"SAPDBL","2021-02-21","187","192","183","186","0.01 %","57,788.00"
"SAPDBL","2021-02-18","172","186","172","184","0.06 %","77,949.00"
"SAPDBL","2021-02-17","171","174","171","173","0.01 %","13,797.00"
"SAPDBL","2021-02-16","175","177","171","172","0.00 %","22,753.00"
"SAPDBL","2021-02-15","172","175","172","172","0.00 %","10,776.00"
"SAPDBL","2021-02-14","176","176","171","172","-0.01 %","15,469.00"
"SAPDBL","2021-02-11","174","179","173","173","-0.01 %","26,015.00"
"SAPDBL","2021-02-10","176","177","172","174","-0.01 %","11,765.00"
"SAPDBL","2021-02-09","177","180","172","175","0.01 %","7,679.00"
"SAPDBL","2021-02-08","173","178","170","174","-0.01 %","22,955.00"
"SAPDBL","2021-02-07","170","180","170","175","0.01 %","22,656.00"
"SAPDBL","2021-02-04","179","179","173","173","-0.02 %","16,320.00"
"SAPDBL","2021-02-03","177","183","175","176","-0.02 %","11,598.00"
"SAPDBL","2021-02-02","178","187","178","178","0.02 %","25,302.00"
"SAPDBL","2021-02-01","171","181","166","175","0.04 %","34,002.00"
"SAPDBL","2021-01-31","170","170","165","168","-0.03 %","29,597.00"
"SAPDBL","2021-01-28","176","177","170","173","-0.02 %","20,021.00"
"SAPDBL","2021-01-27","176","180","174","177","0.01 %","20,610.00"
"SAPDBL","2021-01-26","184","186","175","176","-0.03 %","34,666.00"
"SAPDBL","2021-01-25","185","193","181","181","-0.02 %","34,630.00"
"SAPDBL","2021-01-24","195","201","183","185","-0.04 %","47,222.00"
"SAPDBL","2021-01-21","195","207","190","192","0.02 %","130,516.00"
"SAPDBL","2021-01-20","175","189","172","189","0.10 %","112,031.00"
"SAPDBL","2021-01-19","168","177","167","172","0.04 %","48,313.00"
"SAPDBL","2021-01-18","172","177","165","165","-0.02 %","58,122.00"
"SAPDBL","2021-01-17","162","169","158","169","0.06 %","50,266.00"
"SAPDBL","2021-01-13","161","162","158","159","0.01 %","22,122.00"
"SAPDBL","2021-01-12","157","159","155","158","0.01 %","10,428.00"
"SAPDBL","2021-01-11","149","158","149","157","0.05 %","41,774.00"
"SAPDBL","2021-01-10","147","153","147","149","0.03 %","8,956.00"
"SAPDBL","2021-01-07","148","151","145","145","-0.02 %","15,471.00"
"SAPDBL","2021-01-06","138","149","138","148","0.02 %","5,958.00"
"SAPDBL","2021-01-05","144","148","144","145","0.01 %","11,744.00"
"SAPDBL","2021-01-04","139","154","139","144","-0.01 %","22,393.00"
"SAPDBL","2021-01-03","145","147","143","146","0.01 %","10,419.00"